[
  {
    "timestamp": "2025-10-11T03:34:28.551077Z",
    "event": "file_tampered",
    "file": "HS_Final.txt",
    "expected_hash": "9752cf2934276a262d231ab5e0fdea1184275610ecb296ef538bb649d9861e50",
    "found_hash": "9162d99c71fa89e3a0e937ca75460a0ab15af56fa5f52543b7d9d67ea91d6970"
  },
  {
    "timestamp": "2025-10-11T03:34:28.579261Z",
    "event": "file_tampered",
    "file": "KonDa_Final.txt",
    "expected_hash": "36443158dd0a1dc0b407e1d7ed48c22b088b988bdd9b2b09ec4494d1867281b5",
    "found_hash": "7ec7576486ff0ef6d63bbc73a4d71e7863b6cf572e779e163c817c88278db8c7"
  },
  {
    "timestamp": "2025-10-11T03:34:41.499631Z",
    "event": "file_tampered",
    "file": "HS_Final.txt",
    "expected_hash": "9162d99c71fa89e3a0e937ca75460a0ab15af56fa5f52543b7d9d67ea91d6970",
    "found_hash": "ec00a8cdf42fb550baaa56ba2ff994a42fbfad090cdaf00a7b172b514c1de77f"
  },
  {
    "timestamp": "2025-10-11T03:34:41.517532Z",
    "event": "file_tampered",
    "file": "KonDa_Final.txt",
    "expected_hash": "7ec7576486ff0ef6d63bbc73a4d71e7863b6cf572e779e163c817c88278db8c7",
    "found_hash": "a8353e5980d043ce2537443fecc25a734357abdc2bfb91fc69afd1d5b2e48ba9"
  },
  {
    "timestamp": "2025-10-11T03:34:55.271987Z",
    "event": "file_tampered",
    "file": "HS_Final.txt",
    "expected_hash": "ec00a8cdf42fb550baaa56ba2ff994a42fbfad090cdaf00a7b172b514c1de77f",
    "found_hash": "c712647da0f9274f4122c2332dfa2339e2435a3a0a18396fe42919978ee418b3"
  },
  {
    "timestamp": "2025-10-11T03:34:55.295607Z",
    "event": "file_tampered",
    "file": "KonDa_Final.txt",
    "expected_hash": "a8353e5980d043ce2537443fecc25a734357abdc2bfb91fc69afd1d5b2e48ba9",
    "found_hash": "3ba921ecbe9209d668f509ea8d531418579939657e8cd56739947586bf2d8b5a"
  },
  {
    "timestamp": "2025-10-11T03:35:52.852935Z",
    "event": "file_tampered",
    "file": "HS_Final.txt",
    "expected_hash": "ec00a8cdf42fb550baaa56ba2ff994a42fbfad090cdaf00a7b172b514c1de77f",
    "found_hash": "0190c85b7b811bc5a117f9c3df3bf5a902c26d199faa4b8697b6d92830971721"
  },
  {
    "timestamp": "2025-10-11T03:35:52.879696Z",
    "event": "file_tampered",
    "file": "KonDa_Final.txt",
    "expected_hash": "a8353e5980d043ce2537443fecc25a734357abdc2bfb91fc69afd1d5b2e48ba9",
    "found_hash": "1dad2a3f5df8e012442a1d10c6ff5e80ca8eb1fd8ac0999d2a7b41d6cb00454f"
  },
  {
    "timestamp": "2025-10-11T03:36:04.994530Z",
    "event": "file_tampered",
    "file": "HS_Final.txt",
    "expected_hash": "0190c85b7b811bc5a117f9c3df3bf5a902c26d199faa4b8697b6d92830971721",
    "found_hash": "e5491ef2f4f73a7de347fe17bf8b5d861e842a9c4158139ec89d75b0ad806a55"
  },
  {
    "timestamp": "2025-10-11T03:36:05.013321Z",
    "event": "file_tampered",
    "file": "KonDa_Final.txt",
    "expected_hash": "1dad2a3f5df8e012442a1d10c6ff5e80ca8eb1fd8ac0999d2a7b41d6cb00454f",
    "found_hash": "a2fd4712e944b42e709a61d1bb460720b58f9bc82f6c2a047c30301a87c31ef2"
  },
  {
    "timestamp": "2025-10-11T03:41:58.484910Z",
    "event": "file_tampered",
    "file": "HS_Final.txt",
    "expected_hash": "0190c85b7b811bc5a117f9c3df3bf5a902c26d199faa4b8697b6d92830971721",
    "found_hash": "54cd38f8ef900b7562713ad9308f4837b515fb916b0c0dee7438c737fa321a8b"
  },
  {
    "timestamp": "2025-10-11T03:41:58.508252Z",
    "event": "file_tampered",
    "file": "KonDa_Final.txt",
    "expected_hash": "1dad2a3f5df8e012442a1d10c6ff5e80ca8eb1fd8ac0999d2a7b41d6cb00454f",
    "found_hash": "44a6d636fb87b8c19377527307cfd64101e935f54a7d84beb11ca60e170c0bc6"
  }
]